{"musicLevel":0.1284000426530838,"sfxLevel":0.22823525965213777}